u,v,L
-25.55583917319468,-60.18061720964997,10
-25.545992085749507,-60.06929717053776,10
-25.532329343489494,-59.929183681725526,10
-25.51407478741766,-59.75184840374528,10
-25.490147246098093,-59.52603871388652,10
-25.459063588154372,-59.23667722864897,10
-25.418803911855502,-58.86351028025997,10
-25.366627382012293,-58.379306187483785,10
-25.298825967449712,-57.747507605505795,10
-25.21040545673217,-56.919289867018335,10
-25.094693533537168,-55.830122948242206,10
-24.9429025614424,-54.396273898813504,10
-24.743734965612585,-52.512363146493335,10
-24.483230101249134,-50.052254691138224,10
-24.1452203756878,-46.87719914575509,10
-23.71294430023099,-42.85661338346526,10
-23.17237799479716,-37.90617095455426,10
-22.517342775878348,-32.041460680704056,10
-21.755108441557955,-25.4309565829557,10
-20.909447947662038,-18.41539387668816,10
-20.01766102971714,-11.460894719665571,10
-19.120862116237795,-5.046981016361909,10
-18.251654405174474,0.4600460754137372,10
-17.425562616207575,4.882321620519527,10
-16.639661703792164,8.226392079755136,10
-15.876896786308567,10.623981784477284,10
-15.112213574348281,12.26107417105332,10
-14.317513492811988,13.324654737256312,10
-13.464418802968614,13.974395523001457,10
-12.52514742707699,14.333648156841853,10
-11.472192152436305,14.491270953353457,10
-10.277390559675348,14.507813364051021,10
-8.910739066985068,14.422388685960582,10
-7.3391149332248125,14.25862368550151,10
-5.524955834414485,14.029225917144247,10
-3.424890785602344,13.739234186174137,10
-0.9882962560480761,13.38819822051091,10
1.8442478407524965,12.971555353146787,10
5.142613192172167,12.4814344120524,10
8.988873459439313,11.907066855316177,10
13.479092923520403,11.234941715131068,10
18.72503513327183,10.448810580809692,10
24.85558549169909,9.529632851936245,10
32.01756058045004,8.455549129227455,10
40.375418625882254,7.201980400651072,10
50.109194166695886,5.7419701337094144,10
61.409777208175896,4.046910820040953,10
74.4704944909958,2.087817129763402,10
89.47392394780577,-0.16269053522882612,10
106.57313148936827,-2.727568442838386,10
125.86724823322122,-5.621684443998435,10
147.3726678505278,-8.84749669268522,10
170.99314449697,-12.390567877460882,10
196.494380292208,-16.21575310938511,10
223.49049782636766,-20.265170680484545,10
251.44990019088303,-24.459081010426026,10
279.7253419475165,-28.70039726382396,10
307.60743169257796,-32.88271072157289,10
334.3937390086866,-36.900656817440606,10
359.4600335171895,-40.66060099313493,10
382.31873663805214,-44.08940646105239,10
402.65336803904836,-47.1396011711267,10
420.3249825602184,-49.790343349276306,10
435.35410004539966,-52.04471097204479,10
447.88657714633626,-53.924582537182445,10
458.15316157112863,-55.464570200900404,10
466.4308021397303,-56.70621628619037,10
473.0107220167058,-57.69320426773661,10
478.17522455533924,-58.4678796485316,10
482.1829874119115,-59.06904407701742,10
485.26138720791073,-59.5308040464173,10
487.60399287255143,-59.88219489611341,10
489.3714652086058,-60.14731574652157,10
490.69443423448587,-60.34576110040358,10
491.67731496912353,-60.49319321059923,10
492.4023716508758,-60.60195171286207,10
492.9336140161109,-60.681638067647334,10
493.32030457063263,-60.739641650825604,10
493.5999849516768,-60.781593707982225,10
493.8010087168157,-60.81174727275307,10
493.9446122490256,-60.83328780258456,10
-51.11167834638934,-120.36123441929988,20
-51.091984171499014,-120.13859434107552,20
-51.064658686978966,-119.858367363451,20
-51.0281495748353,-119.5036968074905,20
-50.980294492196165,-119.05207742777299,20
-50.91812717630872,-118.47335445729789,20
-50.83760782371098,-117.7270205605199,20
-50.73325476402456,-116.75861237496751,20
-50.5976519348994,-115.49501521101153,20
-50.420810913464315,-113.83857973403661,20
-50.189387067074314,-111.66024589648435,20
-49.885805122884776,-108.79254779762697,20
-49.48746993122515,-105.02472629298663,20
-48.96646020249825,-100.1045093822764,20
-48.29044075137558,-93.75439829151013,20
-47.42588860046197,-85.71322676693049,20
-46.3447559895943,-75.81234190910847,20
-45.03468555175668,-64.08292136140807,20
-43.51021688311588,-50.86191316591137,20
-41.81889589532406,-36.83078775337632,20
-40.03532205943426,-22.921789439331146,20
-38.24172423247558,-10.093962032723812,20
-36.503308810348926,0.920092150827474,20
-34.85112523241514,9.764643241039082,20
-33.279323407584315,16.452784159510266,20
-31.753793572617116,21.247963568954585,20
-30.224427148696563,24.52214834210664,20
-28.635026985623966,26.649309474512638,20
-26.928837605937215,27.948791046002903,20
-25.050294854153968,28.667296313683725,20
-22.944384304872592,28.982541906706928,20
-20.554781119350693,29.015626728102028,20
-17.82147813397013,28.84477737192118,20
-14.678229866449627,28.517247371003037,20
-11.049911668828965,28.05845183428848,20
-6.8497815712046854,27.47846837234829,20
-1.9765925120961443,26.776396441021838,20
3.688495681504991,25.94311070629359,20
10.285226384344329,24.96286882410479,20
17.97774691887862,23.814133710632376,20
26.95818584704081,22.46988343026213,20
37.45007026654365,20.897621161619373,20
49.71117098339818,19.059265703872462,20
64.03512116090005,16.911098258454903,20
80.75083725176447,14.403960801302167,20
100.21838833339177,11.483940267418829,20
122.8195544163517,8.093821640081902,20
148.94098898199152,4.1756342595268165,20
178.9478478956115,-0.32538107045763764,20
213.14626297873644,-5.4551368856767555,20
251.73449646644232,-11.243368887996878,20
294.7453357010555,-17.694993385370406,20
341.98628899393975,-24.781135754921767,20
392.98876058441584,-32.4315062187702,20
446.98099565273526,-40.53034136096906,20
502.8998003817659,-48.91816202085203,20
559.4506838950326,-57.400794527647896,20
615.2148633851558,-65.76542144314574,20
668.7874780173729,-73.80131363488118,20
718.9200670343789,-81.3212019862698,20
764.6374732761041,-88.17881292210473,20
805.3067360780964,-94.27920234225336,20
840.6499651204364,-99.58068669855257,20
870.7082000907988,-104.08942194408954,20
895.7731542926721,-107.84916507436485,20
916.3063231422568,-110.92914040180075,20
932.8616042794603,-113.4124325723807,20
946.0214440334115,-115.38640853547322,20
956.350449110678,-116.93575929706314,20
964.3659748238225,-118.1380881540348,20
970.5227744158209,-119.06160809283456,20
975.2079857451023,-119.76438979222677,20
978.742930417211,-120.29463149304308,20
981.3888684689714,-120.69152220080711,20
983.3546299382466,-120.9863864211984,20
984.8047433017512,-121.20390342572409,20
985.8672280322213,-121.36327613529461,20
986.6406091412648,-121.47928330165115,20
987.1999699033531,-121.5631874159644,20
987.6020174336311,-121.62349454550608,20
987.8892244980509,-121.66657560516906,20
-76.66751751958401,-180.54185162894981,30
-76.6379762572485,-180.20789151161318,30
-76.59698803046845,-179.78755104517649,30
-76.54222436225295,-179.25554521123576,30
-76.47044173829427,-178.57811614165954,30
-76.37719076446308,-177.71003168594683,30
-76.25641173556647,-176.59053084077985,30
-76.09988214603685,-175.13791856245126,30
-75.8964779023491,-173.24252281651732,30
-75.63121637019647,-170.75786960105492,30
-75.28408060061146,-167.49036884472653,30
-74.82870768432716,-163.18882169644044,30
-74.23120489683772,-157.53708943947993,30
-73.44969030374737,-150.15676407341462,30
-72.43566112706337,-140.63159743726519,30
-71.13883290069295,-128.56984015039575,30
-69.51713398439145,-113.71851286366271,30
-67.55202832763501,-96.1243820421121,30
-65.26532532467382,-76.29286974886705,30
-62.72834384298609,-55.246181630064484,30
-60.052983089151375,-34.382684158996696,30
-57.36258634871336,-15.140943049085699,30
-54.7549632155234,1.3801382262412325,30
-52.27668784862269,14.646964861558615,30
-49.91898511137647,24.6791762392654,30
-47.63069035892568,31.87194535343188,30
-45.336640723044816,36.783222513159984,30
-42.95254047843594,39.97396421176896,30
-40.39325640890582,41.92318656900435,30
-37.57544228123095,43.00094447052558,30
-34.41657645730889,43.47381286006039,30
-30.832171679026033,43.523440092153045,30
-26.73221720095519,43.267166057881724,30
-22.01734479967443,42.775871056504556,30
-16.57486750324345,42.08767775143272,30
-10.274672356807029,41.21770255852243,30
-2.9648887681442053,40.16459466153271,30
5.532743522257498,38.91466605944034,30
15.427839576516483,37.44430323615718,30
26.966620378317927,35.721200565948564,30
40.437278770561214,33.704825145393194,30
56.175105399815486,31.346431742429104,30
74.56675647509725,28.58889855580877,30
96.05268174135007,25.366647387682395,30
121.12625587764674,21.60594120195325,30
150.3275825000876,17.225910401128235,30
184.2293316245276,12.140732460122875,30
223.4114834729873,6.2634513892902035,30
268.42177184341716,-0.4880716056864781,30
319.71939446810467,-8.182705328515155,30
377.6017446996636,-16.865053331995295,30
442.1180035515832,-26.542490078055607,30
512.9794334909097,-37.17170363238261,30
589.4831408766238,-48.647259328155286,30
670.471493479103,-60.795512041453584,30
754.3497005726488,-73.37724303127804,30
839.1760258425489,-86.10119179147185,30
922.8222950777335,-98.6481321647186,30
1003.1812170260594,-110.70197045232177,30
1078.3801005515684,-121.98180297940472,30
1146.956209914156,-132.26821938315712,30
1207.9601041171443,-141.41880351338003,30
1260.9749476806546,-149.37103004782884,30
1306.0623001361982,-156.13413291613432,30
1343.6597314390085,-161.77374761154732,30
1374.4594847133853,-166.39371060270113,30
1399.2924064191905,-170.11864885857105,30
1419.0321660501165,-173.07961280320976,30
1434.5256736660172,-175.40363894559474,30
1446.5489622357338,-177.20713223105219,30
1455.7841616237313,-178.59241213925185,30
1462.8119786176535,-179.64658468834014,30
1468.1143956258165,-180.44194723956463,30
1472.083302703457,-181.03728330121066,30
1475.03194490737,-181.4795796317976,30
1477.2071149526266,-181.80585513858614,30
1478.8008420483318,-182.04491420294192,30
1479.9609137118973,-182.21892495247673,30
1480.7999548550297,-182.3447811239466,30
1481.4030261504465,-182.4352418182591,30
1481.8338367470765,-182.4998634077536,30
-102.22335669277868,-240.72246883859975,40
-102.18396834299799,-240.27718868215092,40
-102.12931737395795,-239.71673472690205,40
-102.0562991496706,-239.007393614981,40
-101.96058898439233,-238.10415485554597,40
-101.83625435261744,-236.94670891459577,40
-101.67521564742196,-235.4540411210398,40
-101.46650952804912,-233.51722474993502,40
-101.19530386979883,-230.99003042202312,40
-100.84162182692863,-227.67715946807323,40
-100.37877413414863,-223.3204917929687,40
-99.77161024576955,-217.58509559525393,40
-98.9749398624503,-210.04945258597326,40
-97.9329204049965,-200.2090187645528,40
-96.58088150275115,-187.50879658302028,40
-94.85177720092393,-171.42645353386098,40
-92.6895119791886,-151.62468381821694,40
-90.06937110351336,-128.16584272281617,40
-87.02043376623178,-101.72382633182276,40
-83.63779179064812,-73.66157550675264,40
-80.07064411886851,-45.843578878662264,40
-76.48344846495118,-20.187924065447632,40
-73.00661762069785,1.840184301654919,40
-69.70225046483027,19.529286482078096,40
-66.55864681516863,32.90556831902053,40
-63.50758714523424,42.49592713790911,40
-60.448854297393105,49.04429668421326,40
-57.270053971247926,53.298618949025276,40
-53.85767521187444,55.89758209200574,40
-50.100589708307936,57.334592627367385,40
-45.8887686097452,57.96508381341381,40
-41.109562238701386,58.031253456204,40
-35.64295626794027,57.6895547438423,40
-29.35645973289924,57.034494742006075,40
-22.099823337657945,56.1169036685769,40
-13.699563142409385,54.95693674469658,40
-3.9531850241922886,53.55279288204362,40
7.3769913630099975,51.886221412587126,40
20.570452768688636,49.92573764820953,40
35.95549383775724,47.628267421264695,40
53.91637169408158,44.93976686052426,40
74.90014053308727,41.79524232323869,40
99.4223419667963,38.11853140774497,40
128.07024232180007,33.822196516909806,40
161.50167450352893,28.807921602604274,40
200.43677666678346,22.967880534837647,40
245.6391088327034,16.187643280163776,40
297.881977963983,8.35126851905355,40
357.89569579122286,-0.6507621409153042,40
426.2925259574729,-10.910273771353511,40
503.46899293288465,-22.486737775993756,40
589.4906714021109,-35.38998677074084,40
683.9725779878795,-49.562271509843534,40
785.9775211688316,-64.8630124375404,40
893.9619913054704,-81.06068272193812,40
1005.7996007635318,-97.83632404170406,40
1118.9013677900653,-114.80158905529579,40
1230.4297267703116,-131.5308428862915,40
1337.5749560347458,-147.60262726976237,40
1437.8401340687574,-162.64240397253963,40
1529.2749465522083,-176.3576258442095,40
1610.6134721561928,-188.5584046845067,40
1681.2999302408728,-199.16137339710514,40
1741.4164001815977,-208.17884388817907,40
1791.5463085853444,-215.6983301487297,40
1832.6126462845136,-221.8582808036015,40
1865.7232085589208,-226.82486514476147,40
1892.0428880668223,-230.77281707094633,40
1912.700898221356,-233.87151859412631,40
1928.731949647645,-236.2761763080696,40
1941.0455488316418,-238.12321618566912,40
1950.4159714902046,-239.52877958445353,40
1957.485860834422,-240.58926298608617,40
1962.7777369379423,-241.38304440161423,40
1966.7092598764932,-241.9727728423968,40
1969.6094866035023,-242.40780685144819,40
1971.7344560644426,-242.72655227058922,40
1973.2812182825296,-242.9585666033023,40
1974.3999398067062,-243.1263748319288,40
1975.2040348672622,-243.24698909101215,40
1975.7784489961018,-243.33315121033812,40
-127.77919586597335,-300.9030860482497,50
-127.72996042874749,-300.34648585268866,50
-127.66164671744741,-299.6459184086275,50
-127.57037393708825,-298.75924201872624,50
-127.45073623049042,-297.6301935694325,50
-127.29531794077181,-296.1833861432447,50
-127.09401955927746,-294.31755140129974,50
-126.8331369100614,-291.8965309374188,50
-126.49412983724851,-288.73753802752884,50
-126.05202728366078,-284.59644933509156,50
-125.47346766768578,-279.1506147412109,50
-124.71451280721193,-271.98136949406745,50
-123.71867482806287,-262.5618157324665,50
-122.41615050624561,-250.26127345569105,50
-120.72610187843894,-234.38599572877533,50
-118.5647215011549,-214.28306691732624,50
-115.86188997398574,-189.53085477277122,50
-112.5867138793917,-160.20730340352023,50
-108.77554220778971,-127.15478291477845,50
-104.54723973831015,-92.07696938344084,50
-100.08830514858565,-57.30447359832787,50
-95.60431058118895,-25.234905081809604,50
-91.25827202587232,2.3002303770686847,50
-87.12781308103784,24.411608102597622,50
-83.19830851896081,41.13196039877559,50
-79.3844839315428,53.119908922386394,50
-75.56106787174137,61.305370855266574,50
-71.58756746405993,66.62327368628152,50
-67.32209401484305,69.87197761500725,50
-62.625737135384924,71.66824078420923,50
-57.360960762181485,72.45635476676725,50
-51.38695279837675,72.539066820255,50
-44.55369533492534,72.1119434298028,50
-36.69557466612407,71.29311842750752,50
-27.624779172072415,70.14612958572113,50
-17.124453928011732,68.69617093087065,50
-4.941481280240378,66.94099110255452,50
9.221239203762478,64.85777676573383,50
25.71306596086079,62.40717206026197,50
44.94436729719654,59.53533427658086,50
67.39546461760199,56.174708575655316,50
93.62517566635911,52.24405290404836,50
124.27792745849537,47.64816425968121,50
160.0878029022501,42.277745646137255,50
201.87709312941118,36.00990200325535,50
250.5459708334794,28.70985066854706,50
307.0488860408792,20.234554100204683,50
372.3524724549787,10.439085648816935,50
447.36961973902856,-0.8134526761441663,50
532.8656574468409,-13.637842214191961,50
629.3362411661058,-28.10842221999223,50
736.8633392526386,-44.23748346342609,50
854.9657224848495,-61.95283938730446,50
982.4719014610395,-81.07876554692554,50
1117.4524891318379,-101.32585340242268,50
1257.2495009544143,-122.2954050521301,50
1398.6267097375812,-143.50198631911977,50
1538.0371584628892,-164.41355360786437,50
1671.9686950434323,-184.50328408720296,50
1797.300167585947,-203.30300496567455,50
1911.59368319026,-220.44703230526184,50
2013.266840195241,-235.69800585563337,50
2101.624912801091,-248.9517167463814,50
2176.7705002269972,-260.2235548602238,50
2239.4328857316805,-269.6229126859121,50
2290.765807855642,-277.3228510045019,50
2332.154010698651,-283.53108143095176,50
2365.053610083528,-288.46602133868294,50
2390.876122776695,-292.33939824265786,50
2410.9149370595565,-295.345220385087,50
2426.306936039552,-297.6540202320864,50
2438.0199643627557,-299.41097448056695,50
2446.8573260430276,-300.7365787326077,50
2453.472171172428,-301.7288055020178,50
2458.386574845617,-302.465966052996,50
2462.011858254378,-303.00975856431023,50
2464.668070080553,-303.4081903382365,50
2466.601522853162,-303.69820825412785,50
2467.9999247583833,-303.907968539911,50
2469.0050435840776,-304.0587363637652,50
2469.723061245127,-304.16643901292264,50
-153.33503503916802,-361.08370325789963,60
-153.275952514497,-360.41578302322637,60
-153.1939760609369,-359.57510209035297,60
-153.0844487245059,-358.5110904224715,60
-152.9408834765885,-357.15623228331896,60
-152.75438152892616,-355.42006337189366,60
-152.51282347113295,-353.1810616815597,60
-152.1997642920737,-350.2758371249025,60
-151.7929558046982,-346.48504563303464,60
-151.26243274039294,-341.51573920210984,60
-150.56816120122292,-334.98073768945306,60
-149.6574153686543,-326.3776433928809,60
-148.46240979367545,-315.07417887895986,60
-146.89938060749475,-300.31352814682924,60
-144.87132225412674,-281.26319487453037,60
-142.2776658013859,-257.13968030079144,60
-139.0342679687829,-227.43702572732548,60
-135.10405665527003,-192.24876408422426,60
-130.53065064934768,-152.58573949773415,60
-125.45668768597218,-110.49236326012897,60
-120.10596617830278,-68.76536831799343,60
-114.72517269742671,-30.28188609817144,60
-109.5099264310468,2.760276452482422,60
-104.55337569724541,29.293929723117145,60
-99.83797022275294,49.3583524785308,60
-95.26138071785137,63.743890706863674,60
-90.67328144608963,73.56644502631988,60
-85.90508095687188,79.94792842353783,60
-80.78651281781164,83.8463731380087,60
-75.1508845624619,86.00188894105108,60
-68.83315291461778,86.9476257201207,60
-61.66434335805205,87.04688018430609,60
-53.46443440191038,86.53433211576345,60
-44.03468959934888,85.55174211300903,60
-33.1497350064869,84.17535550286536,60
-20.549344713614058,82.43540511704487,60
-5.929777536288433,80.32918932306542,60
11.065487044514974,77.8293321188806,60
30.855679153032987,74.88860647231436,60
53.933240756635854,71.44240113189704,60
80.87455754112243,67.40965029078639,60
112.35021079963093,62.69286348485812,60
149.1335129501945,57.177797111617366,60
192.10536348270023,50.73329477536479,60
242.2525117552934,43.211882403906415,60
300.6551650001752,34.45182080225647,60
368.4586632490552,24.281464920245707,60
446.8229669459746,12.526902778580364,60
536.8435436868343,-0.9761432113729562,60
639.4387889362093,-16.36541065703031,60
755.2034893993269,-33.73010666399063,60
884.2360071031663,-53.0849801561113,60
1025.9588669818193,-74.3434072647653,60
1178.9662817532476,-97.29451865631061,60
1340.9429869582057,-121.59102408290721,60
1508.6994011452975,-146.75448606255614,60
1678.3520516850979,-172.2023835829437,60
1845.6445901554673,-197.2962643294372,60
2006.3624340521187,-221.40394090464355,60
2156.7602011031363,-243.96360595880944,60
2293.912419828312,-264.53643876631423,60
2415.920208234289,-282.83760702676005,60
2521.949895361309,-298.7420600956577,60
2612.124600272396,-312.26826583226864,60
2687.319462878016,-323.54749522309453,60
2748.9189694267707,-332.78742120540227,60
2798.584812838381,-340.2372977171421,60
2838.0643321002335,-346.1592256064195,60
2869.051347332034,-350.80727789118947,60
2893.0979244714676,-354.41426446210437,60
2911.5683232474626,-357.1848242785037,60
2925.6239572353074,-359.2931693766803,60
2936.2287912516335,-360.88389447912925,60
2944.1666054069137,-362.0745666024213,60
2950.06388981474,-362.9591592635952,60
2954.4142299052533,-363.6117102771723,60
2957.601684096665,-364.08982840588396,60
2959.9218274237946,-364.43784990495345,60
2961.5999097100594,-364.6895622478932,60
2962.806052300893,-364.8704836365182,60
2963.667673494153,-364.9997268155072,60
-178.8908742123627,-421.26432046754957,70
-178.82194460024647,-420.48508019376413,70
-178.72630540442637,-419.5042857720785,70
-178.59852351192353,-418.2629388262168,70
-178.4310307226866,-416.6822709972055,70
-178.21344511708054,-414.6567406005426,70
-177.93162738298844,-412.04457196181966,70
-177.56639167408596,-408.6551433123863,70
-177.09178177214793,-404.2325532385404,70
-176.4728381971251,-398.4350290691282,70
-175.6628547347601,-390.81086063769527,70
-174.6003179300967,-380.7739172916944,70
-173.20614475928804,-367.5865420254532,70
-171.38261070874387,-350.36578283796746,70
-169.01654262981452,-328.14039402028544,70
-165.99061010161688,-299.9962936842567,70
-162.20664596358006,-265.34319668187965,70
-157.62139943114838,-224.2902247649283,70
-152.28575909090563,-178.01669608068983,70
-146.3661356336342,-128.90775713681708,70
-140.12362720801988,-80.22626303765891,70
-133.84603481366452,-35.328867114533296,70
-127.76158083622126,3.220322527896159,70
-121.97893831345299,34.17625134363667,70
-116.47763192654513,57.58474455828583,70
-111.13827750415992,74.36787249134105,70
-105.78549502043789,85.8275191973733,70
-100.22259444968387,93.27258316079424,70
-94.25093162078026,97.82076866101015,70
-87.67603198953888,100.33553709789292,70
-80.30534506705409,101.43889667347415,70
-71.9417339177274,101.5546935483571,70
-62.37517346889545,100.95672080172403,70
-51.373804532573665,99.81036579851063,70
-38.67469084090138,98.20458142000967,70
-23.974235499216373,96.17463930321901,70
-6.91807379233648,93.71738754357644,70
12.90973488526747,90.80088747202747,70
35.99829234520513,87.37004088436676,70
62.92211421607516,83.34946798721332,70
94.35365046464278,78.64459200591745,70
131.07524593290276,73.1416740656678,70
173.98909844189356,66.7074299635537,70
224.12292406315024,59.18884390459226,70
282.62793038117564,50.41386280455748,70
350.76435916687115,40.193790935965886,70
429.868440457231,28.328375740286656,70
521.2934614369703,14.614719908343758,70
626.31746763464,-1.1388337466017318,70
746.0119204255776,-19.092979099868696,70
881.0707376325481,-39.35179110798907,70
1031.6086749536942,-61.93247684879647,70
1196.9520114787892,-86.73397514222619,70
1375.4606620454551,-113.51027176569576,70
1564.4334847845737,-141.8561947633917,70
1760.1493013361805,-171.2135670729821,70
1958.077393632614,-200.90278084676763,70
2153.2520218480454,-230.17897505101013,70
2340.756173060805,-258.3045977220841,70
2516.2202346203258,-284.62420695194436,70
2676.2311564663637,-308.6258452273666,70
2818.573576273337,-329.97720819788674,70
2942.2748779215276,-348.53240344493395,70
3047.4787003177958,-364.3129768043134,70
3135.2060400243527,-377.472077760277,70
3207.0721309978994,-388.25199140630264,70
3265.015614978111,-396.94351400333244,70
3311.075054116939,-403.8524298741561,70
3347.226571887373,-409.275157539721,70
3375.280911883379,-413.4833085391218,70
3396.829710455373,-416.71562832492094,70
3413.227950107858,-419.1753642727937,70
3425.6002564602386,-421.0312102256508,70
3434.8610396413997,-422.42032770282486,70
3441.741204783863,-423.4523524741944,70
3446.8166015561287,-424.2136619900343,70
3450.5352981127744,-424.7714664735311,70
3453.242131994427,-425.177491555779,70
3455.199894661736,-425.4711559558754,70
3456.6070610177085,-425.68223090927125,70
3457.6122857431783,-425.8330146180917,70
-204.44671338555736,-481.4449376771995,80
-204.36793668599597,-480.55437736430184,80
-204.25863474791586,-479.433469453804,80
-204.1125982993412,-478.014787229962,80
-203.92117796878466,-476.20830971109194,80
-203.6725087052349,-473.89341782919155,80
-203.35043129484393,-470.9080822420796,80
-202.93301905609823,-467.03444949987005,80
-202.3906077395976,-461.98006084404614,80
-201.68324365385726,-455.35431893614646,80
-200.75754826829726,-446.6409835859374,80
-199.5432204915391,-435.17019119050786,80
-197.9498797249006,-420.0989051719465,80
-195.86584080999305,-400.41803752910573,80
-193.1617630055023,-375.0175931660405,80
-189.70355440184787,-342.85290706772196,80
-185.3790239583772,-303.2493676364339,80
-180.13874220702672,-256.33168544563233,80
-174.04086753246355,-203.44765266364553,80
-167.27558358129625,-147.32315101350528,80
-160.14128823773703,-91.68715775732453,80
-152.96689692990233,-40.375848130895314,80
-146.0132352413957,3.680368603309896,80
-139.40450092966054,39.05857296415631,80
-133.1172936303373,65.81113663804095,80
-127.0151742904685,84.99185427581823,80
-120.89770859478618,98.08859336842652,80
-114.54010794249587,106.59723789805044,80
-107.71535042374887,111.79516418401161,80
-100.20117941661587,114.66918525473477,80
-91.7775372194904,115.9301676268276,80
-82.21912447740277,116.06250691240811,80
-71.28591253588051,115.3791094876846,80
-58.71291946579851,114.06898948401204,80
-44.19964667531586,112.23380733715392,80
-27.399126284818742,109.91387348939315,80
-7.906370048384577,107.10558576408724,80
14.753982726019936,103.77244282517414,80
41.14090553737723,99.85147529641904,80
71.91098767551448,95.25653484252939,80
107.83274338816311,89.87953372104852,80
149.80028106617453,83.59048464647738,80
198.8446839335926,76.23706281548982,80
256.14048464360025,67.64439303381972,80
323.003349007058,57.61584320520867,80
400.8735533335669,45.935761069675294,80
491.2782176654068,32.37528656032761,80
595.7639559279659,16.702537038107153,80
715.7913915824457,-1.3015242818305506,80
852.5850519149456,-21.820547542707082,80
1006.9379858657693,-44.97347555198751,80
1178.9813428042219,-70.77997354148168,80
1367.9451559757592,-99.12454301968701,80
1571.9550423376631,-129.7260248750808,80
1787.9239826109406,-162.1213654438763,80
2011.599201527064,-195.67264808340815,80
2237.80273558013,-229.60317811059159,80
2460.859453540623,-263.061685772583,80
2675.1499120694916,-295.20525453952473,80
2875.6802681375148,-325.28480794507925,80
3058.5498931044153,-352.71525168841896,80
3221.2269443123855,-377.1168093690134,80
3362.5998604817455,-398.3227467942103,80
3482.832800363195,-416.35768777635815,80
3583.0926171706883,-431.3966602974594,80
3665.2252925690273,-443.716561607203,80
3731.4464171178406,-453.64973028952284,80
3784.0857761336447,-461.54563414189266,80
3825.401796442712,-467.74303718825263,80
3857.4638992952905,-472.5523526161392,80
3882.091097663284,-476.24643237133824,80
3900.8319429804096,-479.05755916890706,80
3914.971721668844,-481.17852597217234,80
3925.555473875885,-482.76608880322846,80
3933.4185197529864,-483.9455456847936,80
3939.2189732070046,-484.81561370289637,80
3943.4689121288848,-485.45310454117845,80
3946.5624365650588,-485.9171332066046,80
3948.7998796134125,-486.2527496638576,80
3950.4080697345253,-486.4939781820244,80
3951.5568979922036,-486.66630242067623,80
-230.00255255875203,-541.6255548868494,90
-229.91392877174547,-540.6236745348396,90
-229.79096409140533,-539.3626531355295,90
-229.62667308675884,-537.7666356337072,90
-229.41132521488274,-535.7343484249784,90
-229.13157229338924,-533.1300950578405,90
-228.76923520669942,-529.7715925223396,90
-228.29964643811053,-525.4137556873538,90
-227.68943370704733,-519.7275684495519,90
-226.8936491105894,-512.2736088031647,90
-225.8522418018344,-502.4711065341796,90
-224.48612305298147,-489.5664650893213,90
-222.6936146905132,-472.6112683184398,90
-220.3490709112421,-450.47029222024383,90
-217.3069833811901,-421.89479231179564,90
-213.41649870207883,-385.70952045118725,90
-208.55140195317435,-341.1555385909882,90
-202.65608498290504,-288.3731461263364,90
-195.7959759740215,-228.8786092466013,90
-188.18503152895823,-165.73854489019337,90
-180.15894926745418,-103.14805247699009,90
-172.08775904614012,-45.422829147257225,90
-164.26488964657017,4.140414678723568,90
-156.83006354586811,43.94089458467572,90
-149.75695533412943,74.03752871779619,90
-142.89207107677703,95.61583606029563,90
-136.00992216913446,110.34966753947982,90
-128.85762143530786,119.92189263530675,90
-121.17976922671747,125.76955970701306,90
-112.72632684369285,129.00283341157663,90
-103.2497293719267,130.42143858018105,90
-92.49651503707813,130.570320276459,90
-80.19665160286557,129.80149817364506,90
-66.05203439902331,128.32761316951354,90
-49.724602509730346,126.26303325429804,90
-30.824017070421117,123.65310767556731,90
-8.894666304432617,120.49378398459814,90
16.59823056677246,116.74399817832104,90
46.283518729549414,112.33290970847155,90
80.89986113495384,107.16360169784555,90
121.31183631168363,101.11447543617957,90
168.5253161994464,94.03929522728718,90
223.7002694252916,85.76669566742605,90
288.15804522405017,76.09994216304706,90
363.3787676329401,64.81782360585962,90
450.9827475002628,51.67773120338471,90
552.6879948735826,36.422197380368495,90
670.234450418962,18.79035416787061,90
805.2653155302514,-1.4642148170594993,90
959.1581834043137,-24.548115985545465,90
1132.8052340989905,-50.59515999598595,90
1326.3540106547496,-79.62747023416689,90
1538.9383004727292,-111.51511089714796,90
1768.449422629871,-145.94177798446592,90
2011.4144804373084,-182.38653612436076,90
2263.049101717946,-220.1317290938342,90
2517.528077527647,-258.3035753744156,90
2768.4668852332006,-295.9443964941559,90
3009.5436510781783,-332.1059113569653,90
3235.1403016547047,-365.94540893821414,90
3440.868629742468,-396.8046581494713,90
3623.8803123514335,-424.2564105401401,90
3782.9248430419634,-448.11309014348655,90
3918.1869004085943,-468.40239874840296,90
4030.979194317025,-485.3212428346418,90
4123.3784541401565,-499.1811318081034,90
4197.877219257572,-510.3559465757131,90
4257.09649815035,-519.2388384096292,90
4303.577020998051,-526.2109168367842,90
4339.646886707202,-531.6213966931566,90
4367.352484871194,-535.7772364177555,90
4388.435935852961,-538.9397540650205,90
4404.3431868774505,-541.3258417186939,90
4416.249908110371,-543.111849903632,90
4425.095834722109,-544.4387388953928,90
4431.62134485788,-545.4175654157584,90
4436.402526144995,-546.1347426088257,90
4439.8827411356915,-546.6567748574302,90
4442.399864565089,-547.0343433718398,90
4444.209078451339,-547.3057254547773,90
4445.501510241229,-547.4995902232607,90
-255.5583917319467,-601.8061720964994,100
-255.45992085749498,-600.6929717053773,100
-255.32329343489482,-599.291836817255,100
-255.1407478741765,-597.5184840374525,100
-254.90147246098084,-595.260387138865,100
-254.59063588154362,-592.3667722864894,100
-254.1880391185549,-588.6351028025995,100
-253.6662738201228,-583.7930618748376,100
-252.98825967449702,-577.4750760550577,100
-252.10405456732155,-569.1928986701831,100
-250.94693533537156,-558.3012294824218,100
-249.42902561442386,-543.9627389881348,100
-247.43734965612575,-525.123631464933,100
-244.83230101249123,-500.52254691138205,100
-241.45220375687788,-468.77199145755066,100
-237.1294430023098,-428.5661338346525,100
-231.72377994797148,-379.0617095455424,100
-225.1734277587834,-320.4146068070404,100
-217.55108441557942,-254.30956582955682,100
-209.09447947662028,-184.15393876688168,100
-200.1766102971713,-114.60894719665573,100
-191.2086211623779,-50.46981016361914,100
-182.51654405174463,4.600460754137369,100
-174.25562616207569,48.823216205195244,100
-166.39661703792163,82.26392079755132,100
-158.7689678630856,106.23981784477279,100
-151.12213574348272,122.61074171053315,100
-143.17513492811983,133.24654737256304,100
-134.6441880296861,139.74395523001436,100
-125.25147427076983,143.33648156841846,100
-114.72192152436297,144.91270953353464,100
-102.77390559675344,145.07813364051015,100
-89.10739066985063,144.22388685960576,100
-73.39114933224809,142.58623685501504,100
-55.24955834414483,140.29225917144225,100
-34.24890785602343,137.39234186174144,100
-9.88296256048072,133.88198220510904,100
18.44247840752499,129.71555353146783,100
51.42613192172161,124.81434412052394,100
89.88873459439316,119.07066855316172,100
134.79092923520403,112.34941715131063,100
187.25035133271822,104.48810580809686,100
248.55585491699082,95.29632851936242,100
320.17560580450026,84.55549129227465,100
403.75418625882236,72.0198040065107,100
501.09194166695863,57.41970133709412,100
614.0977720817585,40.46910820040944,100
744.7049449099577,20.87817129763401,100
894.7392394780574,-1.6269053522881882,100
1065.7313148936823,-27.275684428383922,100
1258.6724823322115,-56.21684443998432,100
1473.7266785052775,-88.4749669268521,100
1709.931444969699,-123.90567877460884,100
1964.943802922079,-162.15753109385102,100
2234.904978263676,-202.65170680484528,100
2514.4990019088286,-244.5908101042602,100
2797.253419475164,-287.0039726382395,100
3076.074316925779,-328.8271072157287,100
3343.9373900868645,-369.0065681744059,100
3594.6003351718937,-406.6060099313491,100
3823.18736638052,-440.89406461052374,100
4026.533680390482,-471.39601171126674,100
4203.249825602182,-497.9034334927628,100
4353.541000453994,-520.4471097204477,100
4478.865771463361,-539.2458253718243,100
4581.531615711284,-554.6457020090038,100
4664.308021397301,-567.0621628619035,100
4730.107220167056,-576.9320426773659,100
4781.75224555339,-584.6787964853157,100
4821.829874119113,-590.690440770174,100
4852.613872079104,-595.3080404641728,100
4876.039928725511,-598.8219489611338,100
4893.714652086055,-601.4731574652154,100
4906.9443423448565,-603.4576110040356,100
4916.773149691233,-604.931932105992,100
4924.023716508756,-606.0195171286205,100
4929.336140161106,-606.816380676473,100
4933.203045706324,-607.3964165082557,100
4935.999849516766,-607.815937079822,100
4938.010087168155,-608.1174727275304,100
4939.446122490254,-608.3328780258453,100
